Id,BIRTHDATE,DEATHDATE,SSN,DRIVERS,PASSPORT,PREFIX,FIRST,MIDDLE,LAST,SUFFIX,MAIDEN,MARITAL,RACE,ETHNICITY,GENDER,BIRTHPLACE,ADDRESS,CITY,STATE,COUNTY,FIPS,ZIP,LAT,LON,HEALTHCARE_EXPENSES,HEALTHCARE_COVERAGE,INCOME
01296407-15f2-44ab-f806-6052e7583a50,1976-05-29,,999-23-8332,S99972992,X23727036X,Mr.,Alva958,Granville802,Cassin499,,,M,white,nonhispanic,M,Lynn  Massachusetts  US,479 McGlynn Dale,Pinehurst,Massachusetts,Middlesex County,25017,01866,42.55447032811908,-71.26297712764165,113972.68,3510.12,75614
648ab738-d4a4-ca0a-cd7e-ac47a71d644e,2013-01-26,,999-72-9370,,,,Pei116,Daniella68,Schinner682,,,,white,nonhispanic,F,Westport  Massachusetts  US,598 Witting Port,Quincy,Massachusetts,Norfolk County,25021,02170,42.340616184026246,-70.99472496859529,24734.87,0.00,108316
a5d6eae0-5d9c-a13c-2918-6999f40e3e0a,1962-11-23,,999-58-9951,S99977830,X69717846X,Ms.,Latasha666,Blanca837,Reichel38,,,S,white,nonhispanic,F,Shelburne  Massachusetts  US,678 Medhurst Throughway Unit 4,Holbrook,Massachusetts,Norfolk County,25021,02343,42.13843551867013,-70.98115248843662,371549.87,930661.18,145199
d6dead74-2471-8dcb-078f-b5c8b46445cb,1960-07-17,,999-85-6365,S99957079,X84238437X,Mrs.,Pearl430,Patti584,Wolf938,MD,Jakubowski832,W,white,nonhispanic,F,Westborough  Massachusetts  US,615 Abernathy Crossing Suite 44,Worcester,Massachusetts,Worcester County,25027,01606,42.28952207270066,-71.86571829624988,19466.74,968220.53,13727
55b0a0bd-d021-256f-1e94-9b876af4a626,2003-09-29,,999-17-1848,S99920027,X33766722X,Ms.,Brandi2,Alexis664,Gorczany269,,,,white,nonhispanic,F,Topsfield  Massachusetts  US,922 Reynolds Mall Suite 39,Brookline,Massachusetts,Norfolk County,25021,02446,42.36985387879235,-71.08126240171896,113796.61,185332.92,100858
f7e0dbda-e85a-dc5e-e911-8a1e8da8f535,1968-12-30,,999-84-5327,S99986483,X25456343X,Ms.,Krystle484,Ressie457,Haag279,,,S,white,nonhispanic,F,Salem  Massachusetts  US,537 Sporer Landing,Fall River,Massachusetts,Bristol County,25005,02721,41.70929768602627,-71.08118135634483,839303.79,409010.04,62946
3087dc05-ceae-55de-34d6-3fbc20034fd0,1958-04-19,,999-59-8390,S99976344,X85261462X,Mrs.,Trudy596,Rosalva540,Mayert710,,Nitzsche158,M,white,nonhispanic,F,Boston  Massachusetts  US,407 Corwin Parade Apt 31,Ashburnham,Massachusetts,Worcester County,,00000,42.66642179320504,-71.9122378386379,181576.38,894156.04,207911
812e82e6-e79c-295d-3ada-2225b0390351,1969-09-16,,999-84-7811,S99961484,X48593274X,Mr.,Roland928,Weldon459,Moen819,,,M,white,nonhispanic,M,New Bedford  Massachusetts  US,536 Sauer Frontage road,Haverhill,Massachusetts,Essex County,25009,01835,42.7743614548563,-71.08466001360694,175976.49,173024.76,96026
234a3863-ee11-88d0-7e63-ff95c00265b6,1996-10-01,,999-59-2050,S99961626,X43606610X,Mr.,Kraig824,Ron353,Quigley282,,,M,white,nonhispanic,M,Leominster  Massachusetts  US,579 Johns Grove,Boston,Massachusetts,Suffolk County,25025,02114,42.37073922402804,-71.12226970077157,83305.56,22560.64,53275
6a5074ea-8b5b-48de-da92-31b48abd8f24,1994-03-11,,999-34-3438,S99920774,X65224009X,Mr.,Juan88,,Stroman228,,,S,asian,nonhispanic,M,Hong Kong  Hong Kong Special Administrative Region  CN,573 Medhurst Ferry Suite 94,Marlborough,Massachusetts,Middlesex County,25017,01752,42.392754824661495,-71.51505290875217,82983.73,17077.81,161541
b496b4ec-95a6-c33e-144f-a6158c99838f,1986-06-02,,999-31-7418,S99965685,X43727274X,Mr.,Isaac321,Mitchel812,Hoeger474,,,M,white,nonhispanic,M,Lowell  Massachusetts  US,279 Dickinson Trailer Apt 48,Barre,Massachusetts,Worcester County,25027,01005,42.45753664375602,-72.13157919386829,104575.93,11927.45,27124
5cd58b45-07e0-5f70-7493-b53012864211,2015-04-17,,999-32-1028,,,,Alane21,,Greenholt190,,,,asian,nonhispanic,F,Hanoi  Hà Đông  VN,995 Torp Approach Suite 53,Grafton,Massachusetts,Worcester County,,00000,42.18067235181418,-71.69862404157635,25608.21,0.00,177999
4488b39b-7a56-549b-9f1b-48290fe9b8d6,1993-05-25,,999-68-3129,S99974433,X28079400X,Mrs.,Donita707,Dusty207,West559,,Harvey63,M,white,nonhispanic,F,Boston  Massachusetts  US,557 Braun Trafficway,Greenfield,Massachusetts,Franklin County,25011,01301,42.61140097983419,-72.64274167055679,8414.68,300786.47,13580
641db3bf-d9b6-9e26-5dcc-21ee68332c58,1979-09-12,,999-12-7888,S99976228,X27254329X,Mr.,Connie24,Truman805,Koelpin146,,,M,white,nonhispanic,M,Norfolk  Massachusetts  US,621 Greenholt Junction,Fairhaven,Massachusetts,Bristol County,,00000,41.649651288167256,-70.85204999455007,91116.67,12172.29,113266
3d1b6782-6d5d-fdc2-9986-08f0ea392b8f,2004-04-21,,999-64-8326,S99994648,X17433986X,Mr.,Pablo44,Óscar156,Archuleta517,,,,white,hispanic,M,Guatemala City  Guatemala  GT,426 Breitenberg Route Suite 41,Lynn,Massachusetts,Essex County,25009,01907,42.44765443326238,-71.06252397760775,3757.68,44176.62,11861
8ce2c046-e6a7-e420-dc16-6bf8e43f9af4,1965-03-18,,999-64-9283,S99973294,X18576332X,Mr.,Randy380,Esteban536,Oberbrunner298,,,M,white,nonhispanic,M,Marshfield Hills  Massachusetts  US,1020 Keeling Bay Suite 71,Fairhaven,Massachusetts,Bristol County,,00000,41.63231563949064,-70.89515474423392,123346.09,60557.90,67077
fcaefa3a-40b5-8811-6153-a1370ef0cde5,1970-04-06,,999-57-1865,S99911870,X76861938X,Mr.,Wilford267,Jesse626,Wyman904,,,M,white,nonhispanic,M,Lawrence  Massachusetts  US,530 Welch Bypass,Milton,Massachusetts,Norfolk County,25021,02186,42.20267750511235,-71.0533574053294,649816.92,211318.25,116788
dccb23e6-5b08-9558-49df-5bff349e93cf,1956-07-07,,999-14-2822,S99988981,X79369699X,Ms.,Margaret865,Ethelyn789,Bauch723,,,S,white,nonhispanic,F,Wilmington  Massachusetts  US,194 Romaguera Arcade Unit 21,Randolph,Massachusetts,Norfolk County,25021,02368,42.20421345044347,-71.00850050334854,1047936.38,41399.35,71029
1468ea14-2793-4f6c-cf9f-88c3d37934da,1986-10-17,2023-04-26,999-99-4397,S99978804,X45774080X,Mr.,Geoffrey157,Ethan766,Kemmer137,,,M,white,nonhispanic,M,Hinsdale  Massachusetts  US,444 Nolan Village Unit 42,Brockton,Massachusetts,Plymouth County,25023,02302,42.087413134618636,-71.02188853753002,118652.84,527212.18,82097
9d00b51a-9017-e06e-4039-fc1915079579,1965-03-12,,999-47-6601,S99939810,X60127778X,Mrs.,Katherin596,Ricki338,Blanda868,,Quitzon246,M,white,hispanic,F,Boston  Massachusetts  US,620 Hand Flat Unit 94,Springfield,Massachusetts,Hampden County,25013,01128,42.07602195639517,-72.49931647057497,23405.47,1789089.80,15912
86f61c5d-9a67-fe1b-e9b7-fadbd314d632,1986-01-25,,999-37-8474,S99933485,X39657386X,Mr.,Britt177,,Eichmann909,,,M,white,nonhispanic,M,Malden  Massachusetts  US,244 Ryan Plaza,Taunton,Massachusetts,Bristol County,25005,02780,41.91965784171351,-71.0787875694584,12089.33,126207.91,854
61333993-2989-4d3b-6200-1c07add7ca5e,1998-08-12,,999-60-7165,S99974486,X48185078X,Mr.,Sherman440,Berry486,Wintheiser220,,,,white,nonhispanic,M,Swansea  Massachusetts  US,562 Howe Spur,Lawrence,Massachusetts,Essex County,25009,01840,42.654180812179796,-71.16786034445701,5919.41,211667.21,17940
7fa736ba-f730-5a5c-9efe-af0189b9c8c2,2012-08-08,,999-11-1424,,,,Cecilia788,Pa577,Bartoletti50,,,,white,nonhispanic,F,Amherst  Massachusetts  US,243 O'Hara Camp,Somerville,Massachusetts,Middlesex County,25017,02140,42.40116286012174,-71.13100459118299,8883.10,111234.76,79834
a28a1599-825f-a93b-eaee-aba8420b237a,1988-08-23,,999-12-6630,S99980440,X26980853X,Mr.,Porfirio146,Britt177,Jerde200,,,S,white,nonhispanic,M,Holden  Massachusetts  US,1007 Schneider Ferry Apt 88,Kingston,Massachusetts,Plymouth County,25023,02364,41.986730514648286,-70.7019614816626,27633.92,75164.18,23604
cac2877a-1976-2368-7b31-ae4ea772afae,2008-01-07,,999-65-7444,S99953852,,Ms.,Mui729,Serena400,Weimann465,,,,white,nonhispanic,F,Springfield  Massachusetts  US,208 Casper Fort Unit 70,Leominster,Massachusetts,Worcester County,25027,01420,42.52468314785221,-71.80026428917077,75078.13,524502.34,47204
51a26ff0-fd41-8107-6e79-85b08ade1149,1986-10-17,,999-84-3346,S99980437,X82714728X,Mr.,Wilburn655,Brad867,Anderson154,,,M,white,nonhispanic,M,Duxbury  Massachusetts  US,1019 Zieme Camp Suite 11,Brockton,Massachusetts,Plymouth County,25023,02351,42.07574184369878,-71.00870904444369,398397.92,390708.96,82097
75b50754-442d-2c48-5258-873a9353ed50,2023-10-17,,999-22-5672,,,,America446,Kenisha791,Armstrong51,,,,white,nonhispanic,F,Sharon  Massachusetts  US,742 Torphy Meadow,Halifax,Massachusetts,Plymouth County,,00000,42.03241676769909,-70.82931611154369,595.86,7695.54,26755
2fe54ffc-4d9e-88c5-c913-2c460afeb172,1976-06-23,,999-70-9428,S99965478,X23504827X,Mrs.,Lashon823,Ruthie901,Watsica258,,Kulas532,M,white,nonhispanic,F,Boston  Massachusetts  US,1089 Abbott Center,Barnstable,Massachusetts,Barnstable County,25001,02647,41.67599309892637,-70.35080064038387,750092.68,230822.60,119859
e693362f-fb26-a31b-c3a1-f9a3ceee1fd9,2015-03-17,,999-29-7091,,,,Lakeshia836,Jessika892,Kris249,,,,white,nonhispanic,F,Needham  Massachusetts  US,935 Williamson Trailer,Woburn,Massachusetts,Middlesex County,25017,01801,42.49167518903938,-71.13278499981597,38332.34,0.00,57023
87b6dc68-eccb-d254-21e6-8651ae31e24a,1953-07-30,2010-02-14,999-19-3712,S99912264,X83776539X,Mr.,Rupert654,Bobby524,Adams676,,,S,white,nonhispanic,M,Revere  Massachusetts  US,452 Schneider Knoll Suite 30,Hanover,Massachusetts,Plymouth County,,00000,42.13986793007889,-70.85258385074293,161584.60,54987.72,141081
71525912-6cf0-1db1-99fa-ad7e668f6631,2018-07-01,,999-94-3730,,,,Luke971,Lorenzo669,Tremblay80,,,,white,nonhispanic,M,Dedham  Massachusetts  US,312 Hammes Terrace,Franklin,Massachusetts,Norfolk County,25021,02038,42.039503746983705,-71.39210991331497,33252.52,0.00,110007
ecfb9dbb-ab19-3cae-6c7a-17edb5926258,1996-12-24,,999-38-7436,S99946264,X63908611X,Mr.,Miquel905,Thomas756,Crona259,,,M,asian,nonhispanic,M,Canton  Massachusetts  US,1074 Nikolaus Mill,Chelmsford,Massachusetts,Middlesex County,,00000,42.61516030643534,-71.38824196409232,71541.76,14047.36,32577
ba89b1d4-e168-f6a0-bcec-df21ebf484a8,2002-02-19,,999-79-2133,S99964214,X18131786X,Mr.,Kendrick479,,Beer512,,,,white,nonhispanic,M,Northampton  Massachusetts  US,1086 Beahan Club,Rutland,Massachusetts,Worcester County,25027,01543,42.37455738974022,-71.99299895245487,97838.33,604032.06,153443
e5d00dc7-a3a3-2b98-fd51-04d4c9a90318,1982-03-05,,999-30-2556,S99947646,X62167652X,Ms.,Tomika243,Arnetta705,Ondricka197,,,S,white,nonhispanic,F,Holliston  Massachusetts  US,303 Bashirian View Unit 60,Hingham,Massachusetts,Plymouth County,25023,02043,42.220729162836555,-70.88997140972322,394138.74,882204.65,39458
248d9e9d-14e5-f02f-38c5-3e9c8548e625,1957-03-01,,999-37-1740,S99924653,X11818805X,Mr.,Wilburn655,,McCullough561,,,M,white,nonhispanic,M,Framingham  Massachusetts  US,754 Sauer Forge,Easton,Massachusetts,Bristol County,,00000,42.05960134704935,-71.15766263167653,70778.13,251496.36,190373
fc8fd249-d864-5fb5-7094-fb5488dbc84d,1955-10-25,,999-95-3698,S99981313,X74337504X,Ms.,Cecille691,Margorie48,Feeney44,,,S,white,nonhispanic,F,Taunton  Massachusetts  US,295 Hamill Bypass Apt 37,East Falmouth,Massachusetts,Barnstable County,25001,02536,41.55722998529909,-70.55834164783168,1311748.29,120585.69,96783
32474f97-a437-8acc-3851-7088de8a515d,2013-03-13,,999-10-7743,,,,Tory770,Broderick767,Schoen8,,,,white,nonhispanic,M,Springfield  Massachusetts  US,1007 Pouros Fort,Norwell,Massachusetts,Plymouth County,,00000,42.19406815196325,-70.79068549979196,23184.05,23598.89,332284
fd57495c-905c-c2ff-5a06-f8a6b856a740,2025-08-05,,999-89-6462,,,,Bertie593,Becky854,Kihn564,,,,white,nonhispanic,F,Marshfield  Massachusetts  US,525 Beahan Glen,Falmouth,Massachusetts,Barnstable County,25001,02540,41.63560393823938,-70.58619295676817,2542.11,0.00,94750
ee324c9c-ab61-5496-873e-56d477cc3a56,1953-07-30,,999-65-2631,S99917752,X70532428X,Mr.,Olen518,Thomas756,Jacobi462,,,D,white,nonhispanic,M,Boston  Massachusetts  US,566 Pouros Ranch Apt 70,Hanover,Massachusetts,Plymouth County,,00000,42.17042789839419,-70.82896822169349,148333.60,260537.08,141081
d0770c55-bf99-c1c4-2bdc-8dfd1dab0680,1979-10-27,,999-64-5009,S99964110,X16342226X,Mr.,Kurt412,Leonardo412,Thiel172,,,M,white,nonhispanic,M,Marlborough  Massachusetts  US,871 Kuhic Plaza,Plymouth,Massachusetts,Plymouth County,25023,02360,41.904917696961,-70.6305289931936,8279.04,128793.40,18151
89635fb0-a3fe-07bc-e982-9c161e0eefb1,1974-05-09,,999-10-5265,S99979314,X33723623X,Ms.,Conception120,,Schinner682,,,S,white,nonhispanic,F,Worcester  Massachusetts  US,277 Kautzer Port,Worcester,Massachusetts,Worcester County,25027,01605,42.18467940672521,-71.74169281439721,271486.29,948769.71,179245
233da12e-13be-3836-c612-c7d7b23db751,2004-05-30,2017-12-02,999-58-5826,,,,Jamaal34,Luigi346,Rath779,,,,white,hispanic,M,Auburn  Massachusetts  US,986 Lesch Byway Apt 3,Dracut,Massachusetts,Middlesex County,,00000,42.63511761855526,-71.30020834447424,25327.69,44106.30,105588
839d4ac6-fe10-6d4b-12fa-29baa5cccb98,1972-09-19,,999-80-5501,S99994505,X26403492X,Mrs.,Fallon874,Francis500,Treutel973,JD,Hauck852,M,white,nonhispanic,F,Swampscott  Massachusetts  US,968 Steuber Walk Apt 33,Ashland,Massachusetts,Middlesex County,,00000,42.22718014272758,-71.49346226845061,951946.60,349270.57,119411
c25e748d-61b1-94f8-0316-33afebc5c076,1971-12-06,,999-30-2856,S99971724,X21731242X,Mrs.,Phyliss206,,Bosco882,,Rohan584,M,white,nonhispanic,F,Larissa  Larissa Prefecture  GR,609 Heathcote Lock,Norfolk,Massachusetts,Norfolk County,,00000,42.08539510225315,-71.30307590260404,294866.19,620470.40,177620
56a918ca-6f4a-f7a8-911f-8b6b962a7434,2005-05-07,,999-26-6667,S99957328,X25812197X,Mr.,Abe604,Emanuel231,Terry864,,,,white,nonhispanic,M,Holliston  Massachusetts  US,355 Leannon Neck Apt 27,Grafton,Massachusetts,Worcester County,,00000,42.17490511755817,-71.64264694076537,51683.25,14358.83,28353
4eb43203-1520-5f6c-7f64-76ba208f929b,2004-05-30,,999-87-5680,S99999773,X41612676X,Mr.,Berry486,Royce974,Stark857,,,,white,hispanic,M,Seekonk  Massachusetts  US,449 Blanda Knoll Suite 81,Dracut,Massachusetts,Middlesex County,,00000,42.72354679134537,-71.31795895897277,42484.33,52024.14,105588
9b338d30-e0d3-24e7-2e3a-e9c3b52d0057,1961-03-26,2006-01-29,999-33-4451,S99929221,X41708800X,Mrs.,Marianne327,,Eichmann909,,Waelchi213,M,asian,nonhispanic,F,Hong Kong  Hong Kong Special Administrative Region  CN,163 D'Amore Route Suite 55,Wellesley,Massachusetts,Norfolk County,25021,02457,42.26622811383776,-71.23791219468295,161821.70,833149.52,187941
e89fb5de-b504-10dc-a609-9e51194528a1,1977-12-24,,999-17-9247,S99984369,X73563987X,Mr.,Austin578,Giuseppe872,Turner526,,,M,white,nonhispanic,M,Belmont  Massachusetts  US,1038 Dickens Quay,Worcester,Massachusetts,Worcester County,25027,01545,42.2252878849609,-71.77812019143155,62539.07,798.09,68329
f4000cda-2013-c10e-4aed-3c478ea0ee61,1958-11-18,,999-85-1848,S99944391,X86145985X,Mrs.,Nikole56,Frankie174,Bogan287,,Kub800,M,white,nonhispanic,F,Danvers  Massachusetts  US,602 Batz Way Suite 63,Cambridge,Massachusetts,Middlesex County,25017,02139,42.374909801118186,-71.08124854010369,19260.86,1417756.69,22598
9b0e8aa3-0e43-874c-906b-1b0555047197,2001-12-30,,999-20-2989,S99929942,X62221909X,Ms.,Shelly431,Sook872,Kulas532,,,,white,nonhispanic,F,Brookline  Massachusetts  US,334 Grant Mall Suite 31,South Hadley,Massachusetts,Hampshire County,,00000,42.22544245469564,-72.5955391161149,5385.28,81379.15,14066
b0815d28-c34c-12cb-14f0-89eb4e66d0c8,2017-11-10,,999-56-6180,,,,Lieselotte680,Hermina428,Labadie908,,,,white,nonhispanic,F,Salem  Massachusetts  US,528 Raynor Light,Springfield,Massachusetts,Hampden County,25013,01105,42.00608068346362,-72.57216755064478,10034.12,0.00,82189
c674c6ad-54d4-4b7f-f8ae-f28ea699d74a,2019-09-16,,999-53-9846,,,,Lydia759,Terry864,Spencer878,,,,white,hispanic,F,Haverhill  Massachusetts  US,126 Gottlieb Haven,Boston,Massachusetts,Suffolk County,25025,02151,42.35566061250021,-71.05449376249604,17788.43,10512.57,133415
02819a81-4d5d-5a17-945b-a46c14a422bb,2022-06-30,,999-19-8926,,,,Reid278,Enoch803,Padberg411,,,,white,nonhispanic,M,Hudson  Massachusetts  US,1063 Leuschke Approach,Springfield,Massachusetts,Hampden County,25013,01107,42.12063023196814,-72.55685865450717,10936.77,2939.03,125167
f49e081f-90ee-1544-dd68-8875a50d06fc,1965-02-04,2022-07-06,999-30-2699,S99989049,X21820261X,Mr.,Chi716,Willy639,Bauch723,,,W,white,nonhispanic,M,Milton  Massachusetts  US,946 Stracke Way Unit 10,Bourne,Massachusetts,Barnstable County,25001,02532,41.696682296932636,-70.62669784256819,881891.80,2032104.90,83594
102c398b-0e2e-c637-f463-811b8525fd04,1974-10-02,,999-50-5189,S99929952,X64928497X,Ms.,Loreen513,Cherelle538,McCullough561,,,S,white,hispanic,F,Abington  Massachusetts  US,561 Weber Extension Apt 49,East Longmeadow,Massachusetts,Hampden County,,00000,42.04708504288594,-72.49448670529245,385121.32,343883.35,43009
c70ce498-748d-0597-5a7d-4f75b70d3e8a,2025-11-17,,999-12-6673,,,,Lakisha305,,Ernser583,,,,white,nonhispanic,F,Gloucester  Massachusetts  US,1029 Dare Street,Danvers,Massachusetts,Essex County,25009,01937,42.564235471326164,-70.99234015013499,1079.85,0.00,164780
b377a5ee-c5f1-e610-b4cf-28cc6476be2d,1961-03-26,,999-66-2414,S99916350,X40737581X,Ms.,Rolande819,Graciela518,Glover433,,,S,asian,nonhispanic,F,Chongqing  Chongqing Municipality  CN,947 Lakin Pathway Apt 70,Wellesley,Massachusetts,Norfolk County,25021,02457,42.26172404553313,-71.34157783792267,294536.99,656791.92,187941
e4f01b9b-6252-9210-c42e-131f3bdd3c54,1977-03-22,,999-12-8472,S99963892,X40810397X,Mr.,Ismael683,Jarod376,Casper496,,,S,white,nonhispanic,M,Brockton  Massachusetts  US,1093 Cole Neck,New Bedford,Massachusetts,Bristol County,25005,02748,41.66392293394482,-70.93930007278715,151983.26,55478.15,49516
3f60e662-e337-78d7-167c-e75146f03a93,1986-08-11,,999-31-4642,S99955083,X39891371X,Mrs.,Anisha16,,Collier206,,Stanton715,M,white,nonhispanic,F,Holden  Massachusetts  US,1013 Swift Corner Apt 28,Agawam,Massachusetts,Hampden County,25013,01030,42.07839095276988,-72.6445178148901,12953.29,633799.86,9826
3c5039c0-82d2-226b-e5f8-0fb630cd627b,2015-09-17,,999-34-1861,,,,Hilton264,Marcellus830,Rice937,,,,white,nonhispanic,M,Berlin  Massachusetts  US,730 Koepp Port,Hanover,Massachusetts,Plymouth County,,00000,42.14757039636661,-70.90186527790976,32025.03,23182.49,83659
76a4794d-f364-31b2-5dc9-eb9fe8ab7141,1953-04-22,,999-21-5025,S99997824,X56587388X,Ms.,Kenyatta61,Elwanda490,Kutch271,,,S,white,nonhispanic,F,Raynham Center  Massachusetts  US,517 Denesik Dam Suite 93,Yarmouth,Massachusetts,Barnstable County,,00000,41.7224102775127,-70.19862057795856,18858.87,1030859.59,22717
3074ecf8-63c4-7b15-53a7-43794b8670da,1949-04-02,,999-16-2635,S99915807,X16262999X,Mr.,Karl184,Leonardo412,Smith67,,,M,white,nonhispanic,M,Middleborough  Massachusetts  US,351 Windler Annex,Holyoke,Massachusetts,Hampden County,25013,01040,42.238215924180444,-72.65940654335216,167678.49,175610.87,67932
0650a61e-3733-5fc0-653d-d52e72278a69,1965-02-04,,999-69-6344,S99954057,X60033358X,Mr.,Jordan900,Valentine262,Schimmel440,,,D,white,nonhispanic,M,Ware  Massachusetts  US,643 Nolan Skyway,Bourne,Massachusetts,Barnstable County,25001,02532,41.70486551524054,-70.62041737951107,438086.76,249479.20,83594
536e07a7-1dfa-1268-68fc-02e56bec00a3,1976-08-17,,999-89-2297,S99945991,X43443254X,Mrs.,Bong390,,Wilkinson796,,Greenfelder433,M,white,nonhispanic,F,Wenham  Massachusetts  US,1056 McDermott Divide Suite 79,Onset,Massachusetts,Plymouth County,25023,02558,41.73879122637615,-70.63436411016815,19795.37,1742940.77,5383
b12f6d1d-c528-e0eb-2d5c-046450f2dd04,1982-03-17,2023-09-30,999-24-7106,S99996680,X32604588X,Mrs.,Shirely692,Angelyn934,Wiza601,,Stroman228,D,white,nonhispanic,F,Ayer  Massachusetts  US,158 White Street Unit 88,Brockton,Massachusetts,Plymouth County,25023,02301,42.057947332141175,-71.0361795659541,204904.50,348963.54,123005
dfb36d4e-6981-a03b-0fde-28708f08a1c3,1980-05-25,,999-25-6863,S99993237,X52117604X,Mrs.,Carroll471,Genny123,Fadel536,,Ullrich385,D,white,nonhispanic,F,New Bedford  Massachusetts  US,695 Kerluke Path,Quincy,Massachusetts,Norfolk County,25021,02170,42.250555526584165,-70.95786436731414,325529.61,490687.15,86575
9dd59bf3-5dc9-37f1-93dc-ccbee6bd588e,1964-07-31,,999-12-4475,S99997852,X72947162X,Mr.,Ryan260,Vito638,Bernier607,,,M,white,nonhispanic,M,Boston  Massachusetts  US,536 Heaney Glen Apt 86,Plymouth,Massachusetts,Plymouth County,25023,02360,41.84986953971369,-70.67429659873366,134906.88,138341.56,35806
a358d8d9-a403-f915-e95f-3eed93367d79,2024-07-28,,999-44-8454,,,,Cyril535,Oscar384,Homenick806,,,,white,nonhispanic,M,Norwell  Massachusetts  US,561 Windler Tunnel,Lawrence,Massachusetts,Essex County,25009,01840,42.72423371669171,-71.18290758171604,200.00,5446.02,21511
bf684826-9d9c-c8ea-1850-ff361e564db1,1958-02-04,2022-07-01,999-63-2119,S99948478,X2467889X,Mrs.,Lucile200,Sheri207,Weimann465,,Murphy561,M,black,hispanic,F,Middleborough  Massachusetts  US,308 Quitzon Flat Suite 58,Fall River,Massachusetts,Bristol County,25005,02721,41.72297853144464,-71.11283393626135,799769.28,210480.71,61589
486d292e-0dd6-f71c-7613-20eee432aee3,1972-01-25,,999-20-1782,S99981562,X84740429X,Mr.,Royce974,,Zboncak558,,,M,white,nonhispanic,M,Lee  Massachusetts  US,937 Wiegand Fort Unit 14,Marblehead,Massachusetts,Essex County,25009,01945,42.498237485038196,-70.81604459746349,96907.12,55099.48,167387
ebfbe9d3-fd8a-6b0b-6361-52abe114e1b6,1984-03-20,,999-34-9947,S99943076,X78177699X,Mrs.,Elva122,Nery414,Christiansen251,,Mraz590,M,black,nonhispanic,F,Quincy  Massachusetts  US,816 Franecki Passage Suite 43,Winthrop,Massachusetts,Suffolk County,25025,02128,42.343443171283035,-71.00567030788554,292410.81,409416.44,138752
443e4d01-c3a3-a8c3-cf82-36309d00dc0e,1982-03-17,,999-15-4284,S99914569,X25492205X,Ms.,Florence828,,West559,,,S,white,nonhispanic,F,Deerfield  Massachusetts  US,174 Fay Annex,Brockton,Massachusetts,Plymouth County,25023,02351,42.04735919106501,-71.01857597236777,227278.74,926749.52,123005
bcb3d1a2-25e9-5223-09b2-515b1823b989,1974-03-11,,999-96-6419,S99998567,X16333906X,Mr.,Clifford177,Charles364,Olson653,,,M,white,nonhispanic,M,New Bedford  Massachusetts  US,1041 Morar Meadow Unit 53,Orleans,Massachusetts,Barnstable County,25001,02653,41.75368465673922,-69.9990021987898,107901.10,51538.43,31589
d541a4c5-51fe-bfac-bf32-f12cac2baf8a,1971-02-16,,999-46-5373,S99957558,X31592253X,Mr.,Thurman577,Randy380,Crooks415,,,M,white,nonhispanic,M,Walpole  Massachusetts  US,770 Zieme Alley,Waltham,Massachusetts,Middlesex County,25017,02453,42.43183268900927,-71.2736145815472,99612.07,24396.04,61480
defd5e0f-f4a5-ee5d-2fe7-4e06fe214304,1940-07-22,2019-07-28,999-29-4185,S99962503,X29182217X,Mrs.,Xuan162,Sheilah526,Ullrich385,,Boehm581,M,white,hispanic,F,Arlington  Massachusetts  US,742 Hoeger Terrace,Weymouth,Massachusetts,Norfolk County,25021,02188,42.17548973897689,-70.91690000215034,735296.09,449144.63,63760
047a1abc-e871-36df-fce5-64b27547ce98,1999-09-07,,999-46-5365,S99960444,X26245157X,Ms.,Nydia801,Kymberly381,Stiedemann542,,,,white,nonhispanic,F,Boston  Massachusetts  US,876 Wuckert Rue,Manchester-by-the-Sea,Massachusetts,Essex County,,00000,42.56256279181144,-70.7718667661472,26176.47,57269.23,25057
87bd513f-6213-f138-5932-19c7c450ac43,1958-02-04,2010-03-26,999-12-7991,S99985374,X25036635X,Mrs.,Hattie299,,Oberbrunner298,,Luettgen772,D,black,hispanic,F,Boston  Massachusetts  US,421 Douglas Green,Fall River,Massachusetts,Bristol County,25005,02724,41.621626637752584,-70.97117822833073,1053533.35,415321.27,61589
bb70d165-3365-3046-0c7f-cb437b9140af,1980-08-23,,999-71-7980,S99976107,X55467759X,Mr.,Gabriel934,David908,Granados71,,,M,white,hispanic,M,Wesley  Saint Andrew Parish  DM,930 Barton Mall,Boston,Massachusetts,Suffolk County,25017,02467,42.39854565071779,-71.04121837547291,121794.56,587099.09,33889
ce8e2ba1-6383-e76b-2805-7be7f76b8646,1927-08-04,,999-34-5458,S99917186,X60801512X,Ms.,Marin763,Ardella559,Stoltenberg489,,,S,asian,nonhispanic,F,Reading  Massachusetts  US,757 Deckow Walk,Andover,Massachusetts,Essex County,25009,01810,42.60659876698534,-71.12758032849165,465806.42,2016891.15,27677
de68b02b-140c-4663-824c-5961fd48f3fc,1996-07-06,,999-71-9862,S99950260,X43851885X,Mr.,Tobias236,Damian46,Bode78,,,M,white,nonhispanic,M,Haverhill  Massachusetts  US,229 Trantow Rest,Florida,Massachusetts,Berkshire County,,00000,42.652992096380494,-73.05768823653231,160907.21,679592.12,70094
2b64f021-401f-46a8-4fa4-1ac6d27a2c3c,1957-08-28,,999-76-6374,S99918826,X53874552X,Mr.,Lucio648,,Greenfelder433,,,M,white,nonhispanic,M,Stow  Massachusetts  US,226 Hoeger Road,Lincoln,Massachusetts,Middlesex County,,00000,42.4266872478844,-71.293631630043,14195.75,191863.23,2628
41c2bede-a8e1-2a7b-a718-fd3007cdcd28,1984-01-10,,999-77-1994,S99949539,X29380026X,Mr.,Murray856,,Feil794,,,M,white,nonhispanic,M,Leicester  Massachusetts  US,121 Kiehn Manor Suite 28,Wilbraham,Massachusetts,Hampden County,25013,01095,42.17762543117812,-72.39142071497879,99053.59,11671.55,185244
3eb5124c-82ae-7eda-ee77-9db39e4dbebe,1982-11-18,,999-78-1676,S99962455,X77115981X,Mr.,Brian582,Steve819,Schaden604,,,M,white,nonhispanic,M,Boston  Massachusetts  US,943 Mitchell View Unit 25,Lexington,Massachusetts,Middlesex County,25017,02420,42.43811050828487,-71.27713698749686,212143.65,147644.15,29743
fce0b902-b1ed-fe1f-1a94-b926d67af5e5,2020-02-14,,999-77-9267,,,,Nada112,Marcia467,Schowalter414,,,,white,nonhispanic,F,Norwood  Massachusetts  US,990 Daugherty Skyway,Whitman,Massachusetts,Plymouth County,,00000,42.04747864122979,-70.90923725452096,8264.81,5426.17,130011
737d6fc4-4d89-9f2d-5b4f-e76b1457b8d3,1940-07-22,,999-42-6709,S99942832,X43108713X,Mrs.,Karl184,Robin66,Hand679,,Murphy561,M,white,hispanic,F,Scituate  Massachusetts  US,929 Jacobson Harbor Apt 60,Weymouth,Massachusetts,Norfolk County,25021,02189,42.28472090202175,-70.9168299873222,1194972.47,612927.59,63760
db51c467-579a-ceb2-634d-36121509937d,1958-02-04,,999-28-4211,S99938545,X30465088X,Mrs.,Jaymie769,Estella474,Koch169,,Schaefer657,M,black,hispanic,F,Raynham  Massachusetts  US,661 Pfeffer Pathway Apt 20,Fall River,Massachusetts,Bristol County,25005,02790,41.71391551881944,-71.17591463276503,638843.64,85691.47,61589
de66292b-0daf-e415-2727-9c59dabf35f7,1983-04-04,,999-49-6622,S99968969,X42498434X,Mr.,Dario75,Stanton715,Hudson301,,,M,white,nonhispanic,M,Quincy  Massachusetts  US,372 Barrows Gate Apt 27,Braintree,Massachusetts,Norfolk County,25021,02184,42.20329087182762,-70.98584036574293,83482.99,25674.93,32463
eaa1506d-a95c-c435-7129-a43d55b851c0,1987-10-25,2007-03-11,999-70-6183,S99960487,,Ms.,Rosana394,Sharilyn202,Hegmann834,,,,black,nonhispanic,F,Everett  Massachusetts  US,248 Streich Course Suite 20,Lowell,Massachusetts,Middlesex County,25017,01851,42.63255504219965,-71.3770846810414,104525.88,0.00,45815
58ff9244-1e00-b8dd-3352-53290bd0ba8f,1951-10-22,,999-81-6081,S99920199,X79176945X,Mrs.,Tia76,Tish18,Smitham825,,Gerhold939,M,white,nonhispanic,F,Lawrence  Massachusetts  US,979 Lubowitz Route Unit 54,Cheshire,Massachusetts,Berkshire County,25003,01225,42.56082743528205,-73.16138367832708,27061.67,1113689.21,19789
6afb9c22-56df-ac5a-2a62-71e873028c08,1984-05-15,,999-90-1879,S99997787,X36645264X,Mr.,Nathan164,Rocky100,Willms744,,,M,white,nonhispanic,M,Greenfield  Massachusetts  US,661 Labadie Park Unit 79,Watertown,Massachusetts,Middlesex County,25017,02472,42.364161566299984,-71.20402447925493,107103.59,18007.80,130221
57102884-a2fc-f38f-dbea-dfa5da6b942e,2001-10-01,,999-35-5186,S99925479,X68649917X,Ms.,Sue491,Emerita401,Jaskolski867,,,,white,nonhispanic,F,Norton  Massachusetts  US,879 Hilll Fort Apt 30,Ludlow,Massachusetts,Hampden County,,00000,42.211242945970824,-72.4575318844376,24668.30,205265.32,25384
f94000aa-0761-4cdb-0add-4fd438787084,1964-02-25,,999-74-9607,S99973484,X33669699X,Ms.,Margert370,Shizuko29,Walker122,,,S,white,nonhispanic,F,Amesbury  Massachusetts  US,767 Rau Burg Apt 37,Berlin,Massachusetts,Worcester County,,00000,42.403565369464346,-71.65886554661765,510176.89,473529.97,78662
87a635ff-5362-b634-f684-b64f7cb94ee0,1987-10-25,,999-37-6734,S99978260,X75998564X,Mrs.,Porsche32,,Crist667,,Vandervort697,M,black,nonhispanic,F,Framingham  Massachusetts  US,722 Connelly Lodge,Lowell,Massachusetts,Middlesex County,25017,01850,42.70386600038777,-71.32377811989268,681963.07,278394.62,45815
d007547e-3620-29f7-a485-7633f3bc9b73,1978-07-02,,999-62-2609,S99964452,X3015877X,Mr.,Jorge203,Victor265,Huels583,,,W,white,nonhispanic,M,Acushnet  Massachusetts  US,312 O'Keefe Gate,Westfield,Massachusetts,Hampden County,25013,01085,42.18547972411338,-72.76149883079468,109301.37,3421.43,88022
62468b82-19ce-3a42-190c-5498cf076cbd,1961-07-16,,999-84-9061,S99971537,X24439523X,Mrs.,Jaimee549,,Rice937,,Dach178,D,white,nonhispanic,F,Westminster  Massachusetts  US,224 King Way,Andover,Massachusetts,Essex County,25009,01810,42.67245554612687,-71.20212683289809,336711.01,930258.85,185592
cac966f5-5b4f-7983-c09d-3707af3d1c35,1962-11-29,,999-92-7847,S99983410,X24339046X,Mrs.,Caryn49,Fumiko79,Goldner995,,Hudson301,D,white,nonhispanic,F,Bellingham  Massachusetts  US,193 Von Drive Suite 92,Hull,Massachusetts,Plymouth County,25023,02045,42.365627109034435,-70.92767642346132,1058472.76,774634.54,95971
12647702-53ce-025c-fc54-a83d185689b0,1960-09-19,,999-66-6314,S99998176,X9475615X,Mrs.,Janie347,Denny560,Boyer713,,Jacobs452,M,white,hispanic,F,Malden  Massachusetts  US,715 Rolfson Viaduct Unit 63,Somerset,Massachusetts,Bristol County,25005,02725,41.75778309152738,-71.21385866952437,415870.05,864022.87,139942
53bbac12-139e-2367-f421-35a334986722,2009-07-12,,999-80-6688,S99983405,,,William805,Brady998,Barrows492,,,,asian,nonhispanic,M,Blackstone  Massachusetts  US,911 McCullough Avenue Suite 49,Agawam,Massachusetts,Hampden County,25013,01001,42.04354248517099,-72.58424352489183,47655.74,31161.61,55552
ef426cf6-dfe2-b4e0-6086-92e3904b478b,1964-08-02,,999-42-8288,S99981007,X20647494X,Mr.,Mathew182,Norris589,Gorczany269,,,M,white,nonhispanic,M,Wilbraham  Massachusetts  US,1046 Donnelly Avenue Unit 95,Framingham,Massachusetts,Middlesex County,25017,01702,42.29835786504172,-71.41624925435885,175612.32,27128.84,51888
c98b4c22-47e6-ab76-d104-2567ef4ef969,2006-11-23,,999-25-3223,S99946770,,Mr.,Jimmy858,Vince741,Powlowski563,,,,asian,nonhispanic,M,Westford  Massachusetts  US,814 Pollich Pathway Suite 39,Chelsea,Massachusetts,Suffolk County,25025,02150,42.42683259885807,-71.02723904114441,51178.02,0.00,138087
24063473-2419-876e-af68-209a8736d254,1972-12-12,,999-43-3348,S99925729,X41479925X,Mrs.,Loralee922,Asuncion264,Hegmann834,,Weissnat378,M,white,hispanic,F,Wareham  Massachusetts  US,503 Hand Pathway Unit 78,Ashland,Massachusetts,Middlesex County,,00000,42.27277157935947,-71.46421444662565,1049342.84,142648.79,77852
18691adc-9f8c-b2cb-13eb-6cb5a8422669,2002-01-04,,999-41-4262,S99945087,X13477693X,Ms.,Gwenn701,Valery629,O'Connell601,,,,white,nonhispanic,F,Boston  Massachusetts  US,334 Barton Crossroad Unit 14,North Amherst,Massachusetts,Hampshire County,25015,01059,42.373356795248284,-72.5567247875201,88127.61,182648.54,34030
db89b947-22a2-6284-e68d-dc47d4ddabdf,1958-07-28,,999-58-5242,S99950733,X88515382X,Mrs.,Ellen406,Katheleen349,Cormier289,,McLaughlin530,M,other,nonhispanic,F,New Bedford  Massachusetts  US,617 Wiza Road Suite 47,Hingham,Massachusetts,Plymouth County,25023,02043,42.269598551988416,-70.92221418441174,850027.53,431116.07,80664
3540cfd3-7a52-ce68-42d6-a1a085256be4,1963-04-23,,999-32-3870,S99960191,X9004075X,Mr.,Sammy219,Anibal473,Jones311,,,M,white,nonhispanic,M,Ludlow  Massachusetts  US,877 Kautzer Ferry Suite 50,Worcester,Massachusetts,Worcester County,25027,01604,42.23961115424335,-71.80561385201217,153644.41,46756.22,44269
26ce34da-11fa-4044-7d7f-48734f31e531,1961-01-30,,999-91-4697,S99962947,X58701209X,Mr.,Wilton999,Roger751,Bins636,,,M,white,nonhispanic,M,Northampton  Massachusetts  US,775 Rippin Promenade Suite 54,Marshfield,Massachusetts,Plymouth County,25023,02050,42.11477998688942,-70.66487463217119,131138.75,176253.06,844101
efe49c4c-88cf-0468-be13-e6443e2cb77d,2025-06-21,,999-13-8228,,,,Tyron580,Alphonse92,Sauer652,,,,asian,nonhispanic,M,Acton  Massachusetts  US,1000 Shields Glen Suite 35,Dedham,Massachusetts,Norfolk County,25021,02090,42.1856421717012,-71.20419439841051,4785.12,0.00,70604
4f7f941a-9c07-a4e0-9085-d2e0021be5d5,1970-06-18,,999-66-4974,S99944854,X1770857X,Mrs.,Rona40,Ardis509,Pfannerstill264,,O'Kon634,M,white,nonhispanic,F,Boston  Massachusetts  US,255 Grant Stravenue,South Yarmouth,Massachusetts,Barnstable County,25001,02664,41.666924606779624,-70.15008332221112,693380.68,182472.17,43237
271756d7-31c0-a6d2-8436-1afef0bf37be,1972-04-12,,999-77-9771,S99938565,X11564750X,Mrs.,Concetta811,Santos184,Marvin195,,Goodwin327,M,white,nonhispanic,F,Chicopee  Massachusetts  US,553 Hickle Heights Unit 26,Arlington,Massachusetts,Middlesex County,25017,02474,42.37941470973886,-71.19050507376325,9746.02,255031.49,12372
adc3010d-2c48-ff36-17fc-67729c90c3cd,1963-09-07,2013-03-21,999-20-4756,S99950551,X17797649X,Mrs.,Corine538,Elvera717,Dickinson688,,Von197,M,black,nonhispanic,F,Groton  Massachusetts  US,617 Kunde Course Unit 1,Boston,Massachusetts,Suffolk County,25025,02124,42.25137650396619,-71.13987583981427,491308.06,791491.42,135309
b1d3bade-4861-36dd-9b89-0ff05316bb16,2011-10-28,,999-37-4690,,,,Jess275,,Price929,,,,white,nonhispanic,M,Wellesley  Massachusetts  US,760 Kuhic Grove Apt 77,Malden,Massachusetts,Middlesex County,25017,02148,42.45034686672253,-71.03519695953932,21727.59,16327.31,393193
ae16425b-b3cc-24ff-85c8-be3f1e3f8b2e,2000-11-27,,999-55-2124,S99921565,X60013578X,Ms.,Malika385,Julissa825,Swift555,,,,white,hispanic,F,Somerville  Massachusetts  US,350 Flatley Ville,Boston,Massachusetts,Suffolk County,25017,02467,42.34957407376268,-71.11607030181742,39584.11,126288.49,26017
a1ea3b0f-ac49-193b-80b4-295c018905ee,2004-12-24,,999-89-4261,S99914259,X64345499X,Ms.,Carmelina668,Fae378,Langworth352,,,,white,nonhispanic,F,Abington  Massachusetts  US,556 Hauck Passage Apt 99,Lakeville,Massachusetts,Plymouth County,,00000,41.811203035466946,-70.96791759434745,85004.00,26330.35,133253
fc092646-833f-91b7-fddd-258aff42386d,1986-05-19,,999-38-6367,S99912673,X4686425X,Mr.,Brendon298,,Wolf938,,,S,white,nonhispanic,M,Quincy  Massachusetts  US,797 Cruickshank Overpass Suite 3,Sagamore,Massachusetts,Barnstable County,25001,02561,41.774168719641764,-70.53093665606802,77738.25,15070.20,436134
c073f080-8080-3c0d-d4cb-b4fd2523d326,1957-12-29,,999-87-4401,S99996115,X28612710X,Ms.,Aretha897,Mui729,Hoeger474,,,S,white,nonhispanic,F,Quincy  Massachusetts  US,913 Haley Wall Suite 98,Boston,Massachusetts,Suffolk County,25025,02128,42.333955690287695,-71.08292980344126,1687732.77,625366.21,37149
5ba828c4-33fb-604d-43e4-c67e108d5f5d,1993-08-17,,999-21-9974,S99938422,X49273673X,Mrs.,Marya246,Sueann178,Stanton715,,Quitzon246,M,white,nonhispanic,F,Fall River  Massachusetts  US,182 Connelly Spur,Harwich,Massachusetts,Barnstable County,,00000,41.68169109510574,-70.03499485508968,125673.62,183274.72,43281
2729cb84-9e88-209f-8d15-4436cbe733c1,1943-06-30,,999-87-2026,S99935990,X44022342X,Mr.,Fabian647,Arnold338,Eichmann909,,,M,white,nonhispanic,M,Boston  Massachusetts  US,797 Satterfield Crossroad,Melrose,Massachusetts,Middlesex County,25017,02176,42.457817221401186,-71.10892295815802,64718.19,270169.95,95480
3005f7a1-d096-b60d-454d-62b8cdd0459a,1974-01-30,,999-84-4213,S99941377,X19415875X,Mrs.,Nelly786,,Mosciski958,,Gaylord332,D,white,nonhispanic,F,Millbury  Massachusetts  US,538 Russel Mission Suite 93,Brockton,Massachusetts,Plymouth County,25023,02351,42.06415280374174,-70.98237482350922,704817.22,210071.34,36208
86911d87-0241-e63d-2133-1220ecd1e8c0,1988-08-10,,999-14-9838,S99925984,X21768385X,Mrs.,Tamra871,Roxane435,Frami345,,Shields502,M,white,nonhispanic,F,Ashburnham  Massachusetts  US,617 Gusikowski Pathway Apt 6,Barnstable,Massachusetts,Barnstable County,25001,02635,41.65655680191308,-70.26339577991405,122896.55,0.00,50222
d36a5866-ed65-0f1e-84b8-ebf347fcae1d,2005-05-04,,999-33-3656,S99934134,X40413975X,Mr.,José María211,José María211,Verduzco998,,,,white,hispanic,M,Santiago  Santiago Province  CL,225 Price Route Apt 44,West Springfield,Massachusetts,Hampden County,25013,01089,42.15525802738359,-72.64095492620945,34171.59,27436.35,82154
dda74e66-8b48-cb63-69da-035e03b53dfa,1972-07-31,,999-39-1754,S99991973,X35278795X,Mr.,Aldo414,Howard613,Lockman863,,,S,white,nonhispanic,M,Brockton  Massachusetts  US,1038 Gerhold Trafficway Apt 59,Brockton,Massachusetts,Plymouth County,25023,02351,42.092135809365296,-71.03752001781116,105533.10,23548.05,65910
c5b778ad-0331-0e2c-3e2a-76fa155b5449,1963-04-13,,999-26-9391,S99947979,X31007318X,Mrs.,Yoshie761,,Schroeder447,,Ondricka197,M,white,nonhispanic,F,Rehoboth  Massachusetts  US,321 Hand Knoll,Attleboro,Massachusetts,Bristol County,44007,02861,41.932492572668316,-71.27235526426726,1170408.83,395799.62,41483
3899bac9-9d8f-9a4e-f4db-b5251de81472,1992-05-18,,999-70-7177,S99928278,X24639966X,Mrs.,Leonie332,Lauretta754,Bradtke547,,Torphy630,M,white,nonhispanic,F,New Bedford  Massachusetts  US,1078 Wilderman Loaf,Springfield,Massachusetts,Hampden County,25013,01105,42.09244336096993,-72.57047600414492,178033.72,833173.87,30818
da96b3fb-837e-204e-4882-2a14b04db39f,1948-08-15,2023-05-26,999-97-2581,S99991402,X74586682X,Mr.,Carrol931,Stuart913,Runte676,,,S,white,nonhispanic,M,Sharon  Massachusetts  US,962 Hamill Avenue,Salem,Massachusetts,Essex County,25009,01907,42.44250681249129,-70.8939827200063,209374.74,1659874.89,54218
09319458-0343-ebe0-0de9-8ce44f13023e,2022-11-16,,999-19-1462,,,,Rod343,Brant303,Rosenbaum794,,,,white,nonhispanic,M,Newton  Massachusetts  US,623 Windler Trailer Apt 89,Boston,Massachusetts,Suffolk County,25025,02151,42.31654727602769,-71.10716316931402,10595.95,0.00,47480
59dd7d47-71da-18c7-1884-bb5c2244a783,2017-12-18,,999-75-9408,,,,Chauncey770,Anton902,Steuber698,,,,white,nonhispanic,M,Leominster  Massachusetts  US,163 Cormier Meadow,Wellesley,Massachusetts,Norfolk County,25021,02457,42.31964240382663,-71.25856393511788,12761.98,25938.31,33747
23bfdc22-7fbc-9f91-d498-742301509c86,1989-02-14,,999-49-4605,S99952507,X4017451X,Mrs.,Lorilee250,Kayleigh718,Bahringer146,,Bins636,M,white,nonhispanic,F,Brockton  Massachusetts  US,797 Cummerata Fort Unit 13,Northborough,Massachusetts,Worcester County,25027,01532,42.322698783366555,-71.65722257624309,202589.20,811306.32,99674
d11c0e23-baf1-80ea-2ca9-1208b9a08c59,1962-07-29,,999-67-4118,S99916301,X31889696X,Mr.,Jude172,Horacio317,Kozey370,,,M,white,nonhispanic,M,Barnstable  Massachusetts  US,773 Ondricka Viaduct Apt 83,Bourne,Massachusetts,Barnstable County,25001,02532,41.79058168240341,-70.55449534762248,610912.98,0.00,55772
657f9c2a-c62e-e3dd-a050-c44380e0aa24,1970-12-29,,999-17-6587,S99933810,X30692173X,Ms.,Naida467,Rosemarie149,Fisher429,,,S,white,nonhispanic,F,North Attleborough  Massachusetts  US,400 Rippin Bridge,Wendell,Massachusetts,Franklin County,,00000,42.51005082170971,-72.37816382041412,188270.28,630807.83,24389
91feb1cf-e95c-2517-4df0-5f830b89443b,1970-07-03,,999-12-6773,S99953189,X17783636X,Ms.,Cherise743,Brandee895,Volkman526,,,S,white,nonhispanic,F,Wilbraham  Massachusetts  US,575 Parisian Parade,Brockton,Massachusetts,Plymouth County,25023,02351,42.063083506419915,-71.01703643611721,940375.14,360653.64,46285
438d84ed-b1e1-4479-c47f-8a341e27b38f,1960-01-15,,999-40-1352,S99998675,X67231000X,Mrs.,Loren192,Rhona164,Daniel959,,Kertzmann286,M,white,nonhispanic,F,Amherst  Massachusetts  US,1031 Greenholt Vale Unit 2,Lynn,Massachusetts,Essex County,25009,01905,42.49598205782299,-70.9694164459881,883509.48,352923.70,47357
4296466b-f026-8749-1804-f3260d600d6c,2019-12-26,,999-16-1338,,,,Thomas756,Arlen68,Romaguera67,,,,black,nonhispanic,M,Fall River  Massachusetts  US,771 Stanton Station,Shrewsbury,Massachusetts,Worcester County,,00000,42.28247304225367,-71.71292791498485,26758.32,86.17,148577
2f1046ac-5154-ccd6-5468-318d269fefc2,1972-07-26,,999-44-5116,S99948927,X2886833X,Mr.,Patrick786,Scottie437,Roob72,,,M,white,nonhispanic,M,Randolph  Massachusetts  US,933 Miller Track Apt 8,Tewksbury,Massachusetts,Middlesex County,,00000,42.59759249074781,-71.26393734897825,121655.05,107607.90,101583
1f88977d-f3f8-a901-8b09-cbbdb711aaed,2004-08-31,,999-18-7399,S99980643,X19007588X,Ms.,Treva754,Mozell819,Grady603,,,,white,nonhispanic,F,Milton  Massachusetts  US,871 Donnelly Spur Suite 85,Kingston,Massachusetts,Plymouth County,25023,02364,42.00887289675291,-70.77620745290149,4824.64,78484.84,21450
21338b2d-9594-9510-e006-9a1aa5a0751e,2007-03-30,,999-13-9795,S99973226,,Ms.,Leann224,Tyisha680,Botsford977,,,,white,nonhispanic,F,Worcester  Massachusetts  US,798 Dooley Orchard Apt 41,Somerville,Massachusetts,Middlesex County,25017,02145,42.364557884422304,-71.13767359559935,132250.34,697985.08,113151
8cbffb7c-a77e-73c6-b00b-324839d90df4,1978-05-09,,999-11-3507,S99990766,X33064834X,Mr.,Byron202,Florentino8,Bosco882,,,M,white,nonhispanic,M,Cambridge  Massachusetts  US,517 Rippin Row,Marblehead,Massachusetts,Essex County,25009,01945,42.48797498101539,-70.89304839894406,100073.84,0.00,112974
b27ef9eb-0b76-d111-932c-8d301a82fc9c,1952-04-08,2017-06-07,999-78-3807,S99916032,X40076170X,Mrs.,Brigid753,Lan153,Hessel84,,Schumm995,W,white,nonhispanic,F,Oxford  Massachusetts  US,388 Corkery Bridge Suite 31,Lawrence,Massachusetts,Essex County,25009,01840,42.66402714222596,-71.16314414488268,247027.74,581894.44,30325
95ec12c4-8dde-1f66-3cab-8e64aebec365,1973-04-20,,999-53-8450,S99946410,X29474802X,Mrs.,Rima243,,Ziemann98,,Kutch271,M,white,nonhispanic,F,Chicopee  Massachusetts  US,265 VonRueden Station,North Attleborough,Massachusetts,Bristol County,,00000,41.9951164847744,-71.3718472092095,276747.35,721028.57,173378
152f4184-8a6f-1b6b-9d97-00c6951c9e0b,2003-01-31,,999-31-2428,S99966060,X72628905X,Mr.,Rod343,,Hahn503,,,,white,nonhispanic,M,Dennis  Massachusetts  US,374 Carroll Track,Bridgewater,Massachusetts,Plymouth County,25023,02324,41.928092984826975,-71.010977931419,127918.45,537415.87,160249
48ce50bf-0dfc-d09f-adec-0fc2e9181191,1957-09-25,,999-72-8238,S99972020,X31236512X,Mrs.,Pam996,Louis204,Cummings51,,Schimmel440,M,white,nonhispanic,F,Boston  Massachusetts  US,963 Lebsack Path Apt 47,Boston,Massachusetts,Suffolk County,25025,02113,42.31244850766123,-71.15225469595867,298789.42,1352397.68,28434
fa65f29a-17f7-1b36-bdda-37997ccb1a00,1948-08-15,2020-09-03,999-28-1059,S99923681,X52831836X,Mr.,Jefferson174,Melvin857,Hackett68,,,M,white,nonhispanic,M,North Reading  Massachusetts  US,361 Mitchell Extension Apt 4,Salem,Massachusetts,Essex County,25009,01907,42.454664577142594,-70.93986026879554,254844.87,77339.03,54218
efefe5ea-386c-4f54-a6a8-b08403e8ae79,1992-02-03,,999-63-3250,S99954540,X21572257X,Ms.,Almeta56,Un745,Emard19,,,S,black,nonhispanic,F,Newton  Massachusetts  US,294 Wiegand Junction,New Bedford,Massachusetts,Bristol County,25005,02744,41.70437791326613,-70.8650931432038,133849.80,337110.76,27579
368700e6-99a6-4f5e-b716-a140ada903ce,1978-09-12,,999-40-3591,S99990667,X20347391X,Ms.,Maryanna659,,Roob72,,,S,white,nonhispanic,F,Webster  Massachusetts  US,663 Schmeler Rue Apt 22,Hingham,Massachusetts,Plymouth County,25023,02043,42.188590742391256,-70.917806581736,191781.93,63157.19,534115
da947a75-86a5-d3ad-0466-66d360d1ad92,2004-06-02,,999-76-2599,S99946867,X67554893X,Mr.,Keenan632,Irvin970,Kessler503,,,,white,nonhispanic,M,Dedham  Massachusetts  US,546 Murray Manor Apt 81,Boston,Massachusetts,Suffolk County,25025,02131,42.35395602059675,-71.01398618839012,103138.65,593515.82,227776
70abd910-7922-670f-ccd0-7105457e2ef9,1977-07-29,,999-24-5194,S99938183,X68265608X,Mr.,Cory323,,Hamill307,,,D,white,nonhispanic,M,Montague  Massachusetts  US,803 Hoeger Fork Unit 40,Millbury,Massachusetts,Worcester County,,00000,42.239973375502025,-71.76440715859574,133313.19,8915.74,39424
ebae0445-e437-84ec-bfd8-01b15212d221,1952-04-08,,999-72-5690,S99929975,X47491021X,Mrs.,Charity776,Charlie254,Bauch723,,Ferry570,M,white,nonhispanic,F,Danvers  Massachusetts  US,837 Wilkinson Rapid Apt 52,Lawrence,Massachusetts,Essex County,25009,01841,42.70283331536059,-71.15882566927861,269354.22,242078.57,30325
484b01fe-cbd3-4d9d-e4a8-069200ec7345,2005-12-06,,999-66-1636,S99981358,X56815443X,Ms.,Ariane992,Temeka297,Parker433,,,,white,nonhispanic,F,Newton  Massachusetts  US,160 Stokes Course Suite 56,Pittsfield,Massachusetts,Berkshire County,25003,01201,42.4934344168202,-73.24529488673053,48672.13,3627.43,146127
d899d47c-a845-67c5-a700-de41a44a166d,1948-08-15,,999-61-6258,S99963869,X84872937X,Mr.,Emile522,,Windler79,,,M,white,nonhispanic,M,Melrose  Massachusetts  US,1078 Bashirian Boulevard Apt 66,Salem,Massachusetts,Essex County,25009,01907,42.45403203437795,-70.91651698431845,82052.78,468875.83,54218
a56febbe-4229-e0a2-3002-b36924d36669,1975-04-15,,999-90-6232,S99941615,X40198994X,Mr.,Tad831,Issac619,Collins926,,,D,white,nonhispanic,M,Pittsfield  Massachusetts  US,375 Roob Street Unit 98,North Attleborough,Massachusetts,Bristol County,,00000,41.94663442613334,-71.30892153984675,141682.57,15833.15,61313
e9dc2a52-d091-e30d-ec03-939cd645112e,1984-11-02,,999-92-6214,S99932179,X86648145X,Mr.,Mauricio81,,Towne435,,,M,white,nonhispanic,M,Quincy  Massachusetts  US,1010 Hilll Tunnel,Blackstone,Massachusetts,Worcester County,,00000,42.07844406516175,-71.53888174629677,45327.80,42253.93,819234
7050652e-4710-b537-4cee-fce1158af297,1950-11-03,,999-84-6422,S99977288,X24904778X,Mr.,Brett333,Hubert238,Kub800,,,M,white,hispanic,M,Quincy  Massachusetts  US,735 Bogan Ramp,Weymouth,Massachusetts,Norfolk County,25021,02191,42.19614283177787,-70.90982889493283,203250.09,861398.32,27180
270439ec-82ea-47de-dc7b-01de1e2611b1,1947-10-29,,999-11-4567,S99995221,X79985147X,Ms.,Margarita164,Leonor133,Barrios478,,,S,white,hispanic,F,Mexico City  Mexico City  MX,343 Jakubowski Branch,Manchester-by-the-Sea,Massachusetts,Essex County,,00000,42.60916335870346,-70.72737012152955,322858.62,1035654.40,621492
51a08b4d-15ce-41e8-32b7-3f9bb91050b8,1990-11-05,,999-67-3475,S99940835,X26291134X,Mr.,Oren284,Marcos263,Krajcik437,JD,,D,white,nonhispanic,M,Abington  Massachusetts  US,655 Walsh Alley Apt 71,Grafton,Massachusetts,Worcester County,,00000,42.24557052843122,-71.73117968287033,80236.79,18822.91,26658
76556d87-a31e-9d2c-6fab-2f80ddbbd7a9,1971-05-01,2022-10-06,999-49-8831,S99955666,X71809048X,Mrs.,Keeley419,Chan58,Beier427,,Strosin214,D,white,nonhispanic,F,Fitchburg  Massachusetts  US,984 Medhurst Mews Apt 39,Taunton,Massachusetts,Bristol County,25005,02767,41.896661248700084,-71.12370364891898,672945.68,274709.83,69749
67287df7-3910-0275-25fb-cd93b4a28fdd,1995-08-10,,999-56-6181,S99944922,X82083331X,Ms.,Luci727,Kayleigh718,Predovic534,,,S,white,nonhispanic,F,Wellesley  Massachusetts  US,345 Jacobson Branch,Randolph,Massachusetts,Norfolk County,25021,02368,42.208212804825145,-71.0285832430009,308116.50,12553.24,111571
ac2aab4b-a415-d61f-9766-d517735313e1,1990-06-24,,999-78-9286,S99942822,X6252099X,Mrs.,Shenna471,Minta575,Bednar518,,Deckow585,M,white,nonhispanic,F,Gloucester  Massachusetts  US,805 Weimann Promenade Unit 68,Lowell,Massachusetts,Middlesex County,25017,01852,42.632916344257474,-71.36545049601166,133934.91,236690.29,51158
a3c14c06-57cc-55df-f34c-2db949d59a15,1963-09-07,,999-44-8661,S99935739,X82716671X,Mrs.,Keila316,Carlyn477,Murazik203,,Harvey63,M,black,nonhispanic,F,East Longmeadow  Massachusetts  US,890 Lowe Ville,Boston,Massachusetts,Suffolk County,25025,02129,42.24732429405795,-71.10002120387814,436959.52,1281707.90,135309
a8fc5417-5300-3963-976d-dd2d26d10484,1970-03-24,,999-47-6180,S99946045,X26171680X,Mr.,Leigh689,Marcel580,Pfeffer420,,,W,white,nonhispanic,M,Ipswich  Massachusetts  US,270 Kuphal Burg,Ashburnham,Massachusetts,Worcester County,,00000,42.64736840854352,-71.92776363461054,483978.74,310934.70,48088
951b26d3-7ad0-f3e1-9d6d-662e88812184,1974-08-20,,999-25-8319,S99944602,X40031662X,Mr.,Randolph418,,Renner328,,,D,white,nonhispanic,M,Brockton  Massachusetts  US,401 Spencer Trail,Bourne,Massachusetts,Barnstable County,25001,02532,41.69484139580388,-70.61205995042799,149998.05,32779.36,36290
ac7fbaec-4d58-e466-9bca-3e33650deb68,2013-02-08,,999-44-5171,,,,Adalberto916,,Dickens475,,,,white,nonhispanic,M,Westwood  Massachusetts  US,418 Johnson Trailer,Somerville,Massachusetts,Middlesex County,25017,02138,42.354071169646375,-71.11864205733718,43487.68,8225.48,345582
85bf5ae9-7afd-246e-d931-f20dcc907793,2021-12-27,,999-71-5227,,,,Sergio619,,Schimmel440,,,,white,nonhispanic,M,Essex  Massachusetts  US,476 Marvin Row,Newton,Massachusetts,Middlesex County,25017,02459,42.40109192439372,-71.20686060907572,15251.08,70.25,554453
9ebaf42d-5a85-c8e0-9eb5-963698435eaf,1950-11-26,,999-92-7118,S99979537,X392453X,Mrs.,Christie481,Takako793,Schmitt836,,Satterfield305,D,black,nonhispanic,F,Lynn  Massachusetts  US,715 Hauck Light,Fitchburg,Massachusetts,Worcester County,25027,01420,42.61458712895431,-71.8325831839547,218978.62,165814.26,131172
3fead97d-7857-dbff-1a10-c1abb1c4fdb0,2013-05-13,,999-34-6526,,,,Arthur650,Khalilah870,Fisher429,,,,white,nonhispanic,F,Dracut  Massachusetts  US,277 Moore Fork,South Hadley,Massachusetts,Hampshire County,,00000,42.28670946050114,-72.58807323340956,19212.43,35298.63,30056
74927468-05f9-d76e-6946-a60b1807116b,1971-05-01,,999-25-6566,S99918433,X44028213X,Mrs.,Aleisha941,Thuy136,Lebsack687,,Turner526,M,white,nonhispanic,F,Somerville  Massachusetts  US,1042 Bosco Passage Suite 95,Taunton,Massachusetts,Bristol County,25005,02718,41.89196205029757,-71.03450151193664,824106.14,357204.41,69749
a30239aa-dd12-0dc8-31ec-54706b6a113b,1996-11-24,,999-11-7110,S99996298,X37809394X,Mr.,Gustavo235,Herschel574,Shanahan202,,,S,white,nonhispanic,M,Lynn  Massachusetts  US,414 Ferry Ferry,Groton,Massachusetts,Middlesex County,25017,01450,42.604348997866566,-71.5298742311936,90554.19,10507.41,136862
8013642a-6046-d076-8b00-c9b759631255,2012-07-07,,999-67-8410,,,,Evelin941,Vanna750,Hermiston71,,,,white,nonhispanic,F,Somerville  Massachusetts  US,248 Labadie Pathway,Boston,Massachusetts,Suffolk County,25025,02132,42.33131611476777,-71.0891215838779,34643.94,10109.97,62918
7f5c52e4-be58-0d3d-9270-f083c0530534,2013-02-10,,999-67-8442,,,,Wilford267,Heriberto162,Schuppe920,,,,white,nonhispanic,M,Cambridge  Massachusetts  US,838 Bernhard Lock,Stoughton,Massachusetts,Norfolk County,,00000,42.08469747155428,-71.06362446242092,20658.16,2867.05,83651
2739208a-56b5-a62b-7d5c-3e9a094e8680,1959-06-08,2015-10-15,999-81-2936,S99978913,X15035708X,Mr.,Rufus33,,Gutmann970,,,M,white,nonhispanic,M,Worcester  Massachusetts  US,318 Kozey Plaza,Rehoboth,Massachusetts,Bristol County,,00000,41.83069969652798,-71.2923631069256,67053.82,108593.65,178204
ad03128a-068e-33df-0166-14f9d0fdf15e,2024-07-12,,999-87-6162,,,,Ma484,Viki353,Schmeler639,,,,other,nonhispanic,F,Boston  Massachusetts  US,911 Hegmann Way,Chelmsford,Massachusetts,Middlesex County,,00000,42.55681986399081,-71.4066226907119,3234.02,2745.62,859553
67224beb-8d03-4103-f9db-68128fb502db,2022-07-30,,999-27-4760,,,,Ignacio928,José Eduardo181,Rico947,,,,asian,hispanic,M,Portsmouth  Saint John Parish  DM,778 Gutkowski Crossing Unit 78,Boston,Massachusetts,Suffolk County,25025,02203,42.37640571992713,-71.10319947016269,8433.06,0.00,73573
477074b7-ffb4-12fa-9129-823071fabbac,2013-10-21,,999-93-8600,,,,Elliot577,Kieth891,Streich926,,,,white,nonhispanic,M,North Seekonk  Massachusetts  US,227 Morar Divide,Marshfield,Massachusetts,Plymouth County,25023,02050,42.07550255997395,-70.72077077949068,37212.02,0.00,58077
54eec079-2fe9-55c5-902d-bd8a0b7a5ab2,2020-10-05,,999-79-6217,,,,Sina65,Sherly665,Kling921,,,,white,nonhispanic,F,Falmouth  Massachusetts  US,675 Gusikowski Station,Lowell,Massachusetts,Middlesex County,25017,01852,42.60942359739518,-71.28111841867334,600.00,7507.49,17619
08880482-b5a5-8765-a6ce-eb1b280dab84,2011-11-11,,999-55-3496,,,,Jerónimo599,Salvador46,Jaimes535,,,,white,hispanic,M,Gaudalajara  Jalisco  MX,164 Macejkovic Forge,Fiskdale,Massachusetts,Worcester County,25027,01518,42.07792634611799,-72.16233265601127,36897.38,12601.73,30475
8c2a6065-3f4f-bbf5-c4e0-47d2f7852f73,1954-02-08,,999-31-2690,S99938957,X40520226X,Mrs.,Deandra603,Shanna635,Bashirian201,,Mante251,M,white,nonhispanic,F,Fall River  Massachusetts  US,587 Schiller Estate Unit 63,Salem,Massachusetts,Essex County,25009,01970,42.5256423032283,-70.86751718599017,790261.00,34822.06,113013
539c755a-edae-2755-f767-a3ccacad1ae7,1971-11-26,,999-46-4540,S99915011,X71735923X,Mrs.,Maryellen651,Wai719,Gerlach374,,Kiehn525,M,white,nonhispanic,F,Beverly  Massachusetts  US,1029 Waters Rest Suite 46,Milford,Massachusetts,Worcester County,25027,01757,42.1591209656678,-71.52602761004202,12350.57,459130.31,22082
e40e8c46-f8ff-0f28-c0e9-8c91cf082052,1986-10-31,,999-96-4780,S99950592,X60173550X,Mr.,Ruben688,Travis723,Kiehn525,,,D,white,nonhispanic,M,Woburn  Massachusetts  US,864 Bernhard Forge Suite 55,Boston,Massachusetts,Suffolk County,25025,02111,42.27942945180612,-71.07272806310063,147142.47,53554.99,66931
60763552-eadf-bd49-da9c-a05c9a0611a4,1917-09-05,2001-07-20,999-97-4635,S99937227,X50425407X,Mrs.,Troy560,Fonda178,Nienow652,,Macejkovic424,M,white,nonhispanic,F,Longmeadow  Massachusetts  US,571 Zulauf Common,Dartmouth,Massachusetts,Bristol County,,00000,41.53322572896457,-70.97751702909157,887830.75,580972.20,93564
d8398658-008e-77bf-6781-f56564e5072b,1980-12-28,,999-39-8132,S99956193,X67408240X,Mrs.,Hollie21,Kylie930,Kunde533,,Schmidt332,D,white,nonhispanic,F,Lawrence  Massachusetts  US,1025 McKenzie Route,Worcester,Massachusetts,Worcester County,25027,01605,42.283438543476294,-71.8321881746731,903620.95,618196.97,53512
c00cdbb1-5e6c-48af-80aa-70463d5d5af1,1974-05-29,,999-93-1109,S99913765,X75793919X,Mrs.,Indira327,,Lindgren255,,Paucek755,D,white,nonhispanic,F,North Brookfield  Massachusetts  US,251 Dicki Road Suite 48,Kingston,Massachusetts,Plymouth County,25023,02364,41.94353376160411,-70.7440083324544,196066.18,930168.32,195007
9d3a36b6-587f-7e8c-60a8-54ea065ae191,1977-10-21,,999-70-2746,S99924037,X37569826X,Mr.,Thurman577,Emmitt44,Frami345,,,S,white,nonhispanic,M,Rutland  Massachusetts  US,683 Huel Key,Peabody,Massachusetts,Essex County,25009,01960,42.53853325684974,-71.02731444562765,107708.62,6987.03,68597
78501b18-6338-1bb0-f4d9-3ada9589ce42,1959-06-08,,999-43-9108,S99967846,X61894176X,Mr.,Enoch803,Columbus656,Grimes165,,,S,white,nonhispanic,M,Attleboro  Massachusetts  US,136 Homenick Branch,Rehoboth,Massachusetts,Bristol County,,00000,41.8129008898068,-71.2868454041253,92147.34,204043.40,178204
80d1b1a6-4a91-3759-7c3f-7be64ebe5352,1984-08-05,,999-99-7256,S99989795,X21764412X,Ms.,Clara183,Dorotea472,Delafuente833,,,S,black,hispanic,F,Marigot  Saint Andrew Parish  DM,241 Ledner Crossroad Suite 56,Brookline,Massachusetts,Norfolk County,25021,02445,42.36324427693482,-71.19542337895281,215269.78,153025.08,59958
154578ab-f925-ca87-fa41-d1ab5ce59f12,2012-10-17,,999-92-8398,,,,Adriana394,Catalina187,Sisneros410,,,,white,hispanic,F,Guatemala City  Guatemala  GT,588 Shields Stravenue,Springfield,Massachusetts,Hampden County,25013,01128,42.00969657286502,-72.58487617989974,22774.06,7114.17,36758
9d376e33-74de-98a4-46c9-a53c81d2d888,1945-04-18,,999-45-4650,S99918064,X60306489X,Mrs.,Shanelle862,Toya963,White193,,Rice937,M,white,nonhispanic,F,Walpole  Massachusetts  US,225 Bednar Trafficway,Mashpee,Massachusetts,Barnstable County,,00000,41.56776529506051,-70.47420106313338,1006657.48,419140.59,110061
8fed7cff-42a7-8319-0bb6-61d23524481f,2010-08-21,,999-92-3997,,,,Angelo118,Dion244,Dibbert990,,,,white,nonhispanic,M,Worcester  Massachusetts  US,1095 Renner Rue Suite 95,Brockton,Massachusetts,Plymouth County,25023,02301,42.06571111456304,-71.0428782186521,41133.27,0.00,87144
f243a4ed-a09c-7483-54f4-ff075bd768e0,1957-09-25,,999-19-7253,S99910164,X83326000X,Mr.,Giuseppe872,Bud153,Blanda868,,,M,white,hispanic,M,Mansfield Center  Massachusetts  US,638 Schmeler Mission Unit 73,Lunenburg,Massachusetts,Worcester County,25027,01462,42.62479792696836,-71.67353010278592,552819.40,389074.73,62476
4aa09459-9425-e14b-9806-52889def107c,1917-09-05,1989-08-06,999-10-3540,S99983317,X71644583X,Mrs.,Jessenia588,Dalene805,Larson43,,Brown30,M,white,nonhispanic,F,Amesbury  Massachusetts  US,628 Jones Lodge,Dartmouth,Massachusetts,Bristol County,,00000,41.58608704650437,-70.9497187316508,850545.46,173976.12,93564
9fda05ca-4146-4d47-d315-852f4da665cf,1969-03-04,,999-94-3317,S99940301,X78840697X,Ms.,Claudia969,Vernice968,Dickens475,,,S,white,nonhispanic,F,North Attleborough  Massachusetts  US,586 Fahey Park,Fitchburg,Massachusetts,Worcester County,25027,01420,42.634865540973806,-71.8488069944437,368723.79,1378045.10,125650
ab4c6d09-c555-1235-7feb-a3ebc668a242,1989-10-04,,999-84-8675,S99970295,X23880178X,Mr.,Isidro558,Tyrell880,Parker433,,,D,white,nonhispanic,M,Holyoke  Massachusetts  US,856 Padberg Byway Suite 30,Worcester,Massachusetts,Worcester County,25027,01604,42.24100240117756,-71.74500913776289,7983.29,90593.46,18985
c4e224d0-480d-592c-55e0-658ab41ce4b5,1980-09-22,,999-32-8287,S99946087,X5532598X,Mr.,Ashley34,,Huels583,,,M,white,hispanic,M,Waltham  Massachusetts  US,289 Lockman Camp,Palmer,Massachusetts,Hampden County,25013,01009,42.25679324920325,-72.33197274755574,110365.47,42550.15,176103
ffeacff3-7ab6-2162-2295-f8d29c199447,2010-12-30,,999-17-7181,,,,Sharyn437,Clarinda196,Schimmel440,,,,asian,nonhispanic,F,Barnstable  Massachusetts  US,1030 Williamson Branch Suite 20,Webster,Massachusetts,Worcester County,25027,01570,42.051007379832626,-71.85571500252354,32650.79,9988.01,64687
90ff3ff3-d95c-9e71-ce1c-378f2f16ca60,1941-11-17,2010-05-22,999-30-7733,S99959055,X69773106X,Mr.,Efren426,,Pollich983,,,S,white,nonhispanic,M,Franklin  Massachusetts  US,521 Roob Lock Suite 71,Somerville,Massachusetts,Middlesex County,25017,02143,42.44183978435634,-71.15471559789161,187620.01,124579.98,199954
b414d532-bb6b-3050-875c-619715a88c4c,1973-07-05,,999-36-2718,S99971475,X36359523X,Mr.,Pasquale620,Thomas756,Mitchell808,,,D,white,nonhispanic,M,Yarmouth  Massachusetts  US,357 Wunsch Key Apt 91,Littleton,Massachusetts,Middlesex County,,00000,42.52794812868879,-71.51513202152672,108708.04,0.00,51166
f93079e1-09bd-e474-33af-cb6ea2f87f90,1993-12-02,,999-15-9104,S99919181,X51181699X,Mrs.,Candice681,Denyse846,Gleichner915,,Corkery305,M,white,nonhispanic,F,Lynn  Massachusetts  US,442 Harris Union,Sharon,Massachusetts,Norfolk County,25021,02067,42.093809778490616,-71.15153350405903,95857.30,445355.89,23858
78c6420b-a938-5845-110c-ae67c373acdb,1954-02-13,,999-88-4787,S99938891,X80293676X,Mrs.,Marjorie611,Madalyn472,King743,,Zemlak964,M,white,nonhispanic,F,North Reading  Massachusetts  US,237 Kshlerin Byway Unit 47,Quincy,Massachusetts,Norfolk County,25021,02186,42.238122412921584,-71.04124297676435,403247.60,1390929.67,25675
0a7e6b67-71e5-6e76-5455-42c8843a7733,1979-07-11,1990-09-01,999-29-8455,,,,Tiara667,Gwen761,Lang846,,,,white,nonhispanic,F,Lexington  Massachusetts  US,996 Witting Flat,Medford,Massachusetts,Middlesex County,25017,02145,42.44008292689638,-71.12831254360319,11781.26,40465.14,76754
7be7acbf-e293-7a18-1724-656b200c9f06,1983-06-25,,999-32-4052,S99982494,X24124632X,Mr.,Tyrell880,,Pouros728,,,M,white,nonhispanic,M,Lowell  Massachusetts  US,865 Littel Grove Apt 8,Mansfield,Massachusetts,Bristol County,,00000,42.0293533889512,-71.1902907579196,12038.71,626566.47,7112
137451e0-0a13-d137-6638-b12f2fa47765,1963-09-07,,999-42-7228,S99941161,X76543174X,Mr.,Luke971,Everette494,Wisozk929,,,D,white,nonhispanic,M,Rockland  Massachusetts  US,482 Frami Frontage road Apt 19,Monson,Massachusetts,Hampden County,,00000,42.093495485824825,-72.27463303250319,171058.25,21691.68,130237
80f03986-c68b-7ae6-c8e6-c35453580b50,1917-09-05,2000-10-08,999-30-9483,S99955309,X45568838X,Mrs.,Haydee844,Eloise59,Stark857,,Prohaska837,M,white,nonhispanic,F,Worthington  Massachusetts  US,127 Waters Lane Apt 80,Dartmouth,Massachusetts,Bristol County,,00000,41.54659646100274,-70.93554101050692,1046860.22,444529.17,93564
dc0a32e8-7302-d66d-29a5-0e281839db79,2005-12-24,,999-42-1122,S99931977,X1182948X,Ms.,Walter473,,Rice937,,,,white,nonhispanic,F,Sunderland  Massachusetts  US,102 Cruickshank Track,Warren,Massachusetts,Worcester County,25027,01585,42.22733989037952,-72.20565213511236,136484.87,227914.52,156821
0dcb2ef6-f8e9-92bb-5156-80eefb669eac,1996-10-09,,999-58-6557,S99956065,X7474386X,Mr.,Henry768,,Schmidt332,,,M,white,nonhispanic,M,West Bridgewater  Massachusetts  US,1023 Lowe View,Natick,Massachusetts,Middlesex County,,00000,42.330155441407435,-71.33501899388416,65448.35,2910.65,799418
e97f4400-b80e-3b81-25af-ab89a76cbb3f,1979-07-11,,999-63-4366,S99946792,X2412884X,Mrs.,Noelia656,,Robel940,,Sipes176,D,white,nonhispanic,F,Medford  Massachusetts  US,499 Rogahn Spur,Medford,Massachusetts,Middlesex County,25017,02145,42.43739276952639,-71.1208753670722,313331.01,307092.68,76754
ed9c899c-9393-3825-27e3-f2122297a3b6,1925-02-03,2018-05-25,999-41-4226,S99979407,X44993973X,Mrs.,Jessia669,,Nicolas769,,Sauer652,W,black,nonhispanic,F,Lowell  Massachusetts  US,1025 Kuvalis Port Unit 9,Boston,Massachusetts,Suffolk County,25025,02121,42.411677545799364,-70.99019753493528,106429.77,2679062.12,8915
0368cb17-ef3e-d560-eaf6-1f90bdd7df71,2022-02-04,,999-15-7675,,,,Valentine262,Jarrod316,Schneider199,,,,white,nonhispanic,M,Worcester  Massachusetts  US,834 D'Amore Divide Unit 93,North Seekonk,Massachusetts,Bristol County,,00000,41.87500381682418,-71.29385560946498,7871.91,8159.62,71254
5c8dfac9-eb3c-7273-d6b8-4d5257ee45b7,1997-04-27,,999-91-9781,S99964889,X53427870X,Mr.,Kris249,,Strosin214,,,M,white,nonhispanic,M,Templeton  Massachusetts  US,532 Marquardt Plaza,Revere,Massachusetts,Suffolk County,25025,02151,42.45304280294957,-70.9803212729372,74371.89,0.00,35530
3cf15a6f-eb72-720d-1ecb-4e5aa45a1acb,1959-04-29,2021-07-02,999-12-4992,S99983091,X3786456X,Mr.,Julio César525,,Garica503,MD,,D,white,hispanic,M,Havana  Havana  CU,311 Walsh Drive Unit 73,Newton,Massachusetts,Middlesex County,25017,02462,42.31243942251058,-71.16746594259423,209183.64,115460.79,155404
7e3de93d-1e51-4ef8-5877-e265836fffc1,1963-09-10,,999-64-8967,S99966326,X31012118X,Mr.,Brendon298,,Hartmann983,,,S,white,nonhispanic,M,Middleborough  Massachusetts  US,210 Aufderhar Camp Apt 26,Lawrence,Massachusetts,Essex County,25009,01840,42.70093316098606,-71.19137964805007,201709.16,81570.08,62
d75eec56-56d5-0707-5aa3-3eb21c0c234d,1968-08-19,,999-61-9963,S99958030,X23206080X,Mr.,Lauren941,Benito209,Schmidt332,,,M,white,nonhispanic,M,Saugus  Massachusetts  US,222 Sauer Green,Lowell,Massachusetts,Middlesex County,25017,01852,42.68589595786245,-71.34818962396942,122947.33,22279.89,67568
ef623f26-76c8-8c89-e8a5-239609899194,1981-11-26,,999-72-4445,S99938792,X78252429X,Mrs.,Agnes294,Vernita491,Eichmann909,,Gerlach374,M,white,nonhispanic,F,Boston  Massachusetts  US,974 Ebert Manor Apt 19,Attleboro,Massachusetts,Bristol County,25005,02703,41.92976294779835,-71.32467933234322,19491.82,666647.88,12630
7d68ad2f-2edb-f1f1-3934-af9f157b91bd,1965-02-05,,999-48-6415,S99989210,X30589419X,Mr.,Boyce638,Marcellus830,Bergnaum523,,,M,white,nonhispanic,M,Swansea  Massachusetts  US,221 Bergnaum Station Unit 75,Boston,Massachusetts,Suffolk County,25025,02210,42.362008735833335,-71.12365415638097,141415.59,42419.02,26746
b971ce8f-b7d7-1ae1-7bda-c3d0887c4a2f,1957-01-04,,999-75-4222,S99978763,X85400439X,Ms.,Lashawna733,Cortney940,Wuckert783,,,S,white,nonhispanic,F,Needham  Massachusetts  US,719 Volkman Junction Apt 91,Bellingham,Massachusetts,Norfolk County,25021,02019,42.07006487524322,-71.47647559271209,1251372.57,772609.49,39466
7342919d-b82d-3d30-7a58-38d22a890b91,1959-04-29,,999-74-7452,S99912235,X48366295X,Mr.,Ricardo560,Rubén780,Fonseca493,PhD,,M,white,hispanic,M,Roseau  Saint George  DM,512 Hegmann Street Apt 91,Newton,Massachusetts,Middlesex County,25017,02472,42.36205011525442,-71.23404078788218,187337.75,55577.93,155404
20dfaa5b-b0cf-4df8-801e-83972b81bab7,1974-01-11,,999-26-7289,S99926235,X81244473X,Ms.,Demetra94,,Breitenberg711,,,S,white,hispanic,F,Cambridge  Massachusetts  US,279 VonRueden Glen Apt 67,Uxbridge,Massachusetts,Worcester County,,00000,42.01832774829053,-71.6911258441949,152744.36,605176.99,178133
d53da312-1450-e356-2195-50d2ce502907,1981-11-20,,999-97-1556,S99976574,X22431894X,Mr.,Rich940,Harlan808,Baumbach677,,,M,white,nonhispanic,M,Haverhill  Massachusetts  US,249 White Lane Unit 25,Springfield,Massachusetts,Hampden County,25013,01020,42.13393125170616,-72.51131010616673,97830.37,13877.56,36650
835576a2-6ad8-8a88-61dd-de2b69298a7d,2002-06-11,,999-17-4074,S99954750,X26560404X,Ms.,Glory745,Shawanna357,Koepp521,,,,white,nonhispanic,F,Westfield  Massachusetts  US,258 Hand Club Unit 22,Boston,Massachusetts,Suffolk County,25025,02121,42.32624697182323,-71.12184714650681,105748.48,312887.79,961735
55f99873-8531-284d-51f6-aa0387376dd1,2003-04-15,,999-48-5390,S99966272,X60208545X,Ms.,Alyson860,Lida218,Emard19,,,,white,nonhispanic,F,Bellingham  Massachusetts  US,457 Denesik Passage Unit 15,Amherst Center,Massachusetts,Hampshire County,,00000,42.384882563801995,-72.51465233569623,74841.76,33008.88,38080
7c5173f7-6525-300e-1bc1-76eec93a075d,2002-11-16,,999-16-4050,S99981996,X27168721X,Mr.,Cletus494,Roderick835,Gusikowski974,,,,white,nonhispanic,M,Bedford  Massachusetts  US,903 Mueller Drive Apt 5,Lynn,Massachusetts,Essex County,25009,01905,42.51791622972925,-70.91312144988196,59324.95,443.94,53607
4e93d820-f824-040e-3a64-e0e6703a5bee,1977-04-19,,999-47-9923,S99919650,X6704553X,Mr.,Jerrell6,Ronnie7,Hauck852,,,D,white,nonhispanic,M,Boston  Massachusetts  US,363 Doyle Passage,Quincy,Massachusetts,Norfolk County,25021,02169,42.21810182355237,-71.02637379255955,98143.33,0.00,69423
2fb43658-ff1f-61d6-c5b7-812f942380af,1941-11-17,2004-02-27,999-61-3078,S99952532,X89203333X,Mr.,Dave764,Dewayne363,Green467,,,M,white,nonhispanic,M,Concord  Massachusetts  US,725 Lynch Rapid,Somerville,Massachusetts,Middlesex County,25017,02138,42.37908643877829,-71.12536022607613,282539.07,314098.97,199954
0355eed8-80e5-058d-3e28-5d79e2196bed,1944-04-04,2021-03-18,999-16-4943,S99977901,X84682720X,Mrs.,Jennine355,Yvonne357,Rogahn59,,Breitenberg711,M,white,nonhispanic,F,Peabody  Massachusetts  US,711 Hansen Mill,Bourne,Massachusetts,Barnstable County,25001,02532,41.67563829034774,-70.56041265719726,316514.26,618747.99,81580
64c130f2-7022-fc8c-5dc2-60e31f528e64,1941-11-17,1996-12-05,999-18-2545,S99933717,X33591745X,Mr.,Russ979,Gonzalo160,Harris789,,,M,white,nonhispanic,M,Hopkinton  Massachusetts  US,231 Bosco Trail Unit 6,Somerville,Massachusetts,Middlesex County,25017,02143,42.41798577098275,-71.0997238244549,84677.48,212291.29,199954
27ca76f3-ddb5-453f-d2fc-66f65becacad,1917-09-05,2003-07-26,999-70-8588,S99926449,X83252457X,Ms.,Kalyn451,Avelina400,Prohaska837,,,S,white,nonhispanic,F,Boston  Massachusetts  US,516 Torphy Trail,Dartmouth,Massachusetts,Bristol County,,00000,41.528166039260306,-70.95713358482979,1165065.28,740693.12,93564
7f139884-14b7-747c-1b66-eb8a716957cf,1951-08-18,2024-08-24,999-61-7710,S99987437,X67048195X,Mrs.,Carline928,,Deckow585,,Hauck852,M,white,nonhispanic,F,Randolph  Massachusetts  US,173 Mosciski Spur Unit 68,Acton,Massachusetts,Middlesex County,,00000,42.5054533455746,-71.44882037533701,290595.24,1391384.68,164281
03476c67-de7f-49e9-6324-429b7b2ce9a2,1944-04-04,,999-57-7250,S99933247,X2077931X,Mrs.,Cheryle584,Aida517,Pfeffer420,,Kuvalis369,M,white,nonhispanic,F,Boston  Massachusetts  US,168 Hilll Drive,Bourne,Massachusetts,Barnstable County,25001,02532,41.75577832689898,-70.58857740451565,816207.87,417622.21,81580
12797e04-e7a5-93a8-d625-d4038c780bba,1917-09-05,1999-09-09,999-72-2276,S99927312,X87007827X,Mrs.,Shella455,Kary197,Boehm581,,Stoltenberg489,D,white,nonhispanic,F,Peabody  Massachusetts  US,276 Langworth Plaza,Dartmouth,Massachusetts,Bristol County,,00000,41.52641974585294,-70.99038021719522,1035602.74,170574.58,93564
8ddf6dda-0af2-651f-5154-f4ae07e59f76,1925-02-03,2014-11-12,999-75-8053,S99983474,X22179764X,Mrs.,Julee121,Tanika746,Nitzsche158,,Oberbrunner298,M,black,nonhispanic,F,Falmouth  Massachusetts  US,361 Kerluke Lock,Boston,Massachusetts,Suffolk County,25025,02130,42.335167283240644,-70.93769985130336,63910.12,2720508.22,8915
e12adf0d-a75a-fb96-0ceb-e301a6ac4502,1947-03-19,,999-97-6966,S99985396,X30006890X,Mr.,Booker670,Brant303,Rohan584,MD,,S,white,nonhispanic,M,North Westport  Massachusetts  US,578 Ratke Mission,Grafton,Massachusetts,Worcester County,,00000,42.24512175667442,-71.64830515273792,673936.84,959517.74,95623
9c18d73d-1f29-b633-67c7-1d2dd8231683,1917-09-05,,999-63-8938,S99974535,X70341841X,Mrs.,Gail741,Una192,Legros616,,Bogisich202,W,white,nonhispanic,F,Lawrence  Massachusetts  US,259 Medhurst Underpass Apt 60,Dartmouth,Massachusetts,Bristol County,,00000,41.579525370031305,-70.94197471295595,481172.05,966476.90,93564
9aedee8e-dfb8-6eeb-e33b-71eb7e82a74d,1941-11-17,,999-13-2398,S99971963,X32202789X,Mr.,Lowell343,Jeff859,Gerlach374,,,W,white,nonhispanic,M,Ipswich  Massachusetts  US,964 Weber Dale Suite 47,Somerville,Massachusetts,Middlesex County,25017,02155,42.37567162412521,-71.1522241097912,226343.37,579987.81,199954
843a2d1e-5325-0c8c-11cf-ad5f23f25597,1951-08-18,2020-09-14,999-45-3066,S99949796,X53932608X,Ms.,Beverlee316,Patrick786,Hudson301,,,S,white,nonhispanic,F,Lynn  Massachusetts  US,903 Torphy Branch Apt 85,Acton,Massachusetts,Middlesex County,,00000,42.436204544380644,-71.436966414307,483456.10,1511639.27,164281
0693f0dc-5a21-4e78-b589-7f532de66a69,1951-08-18,,999-20-7648,S99957980,X41123733X,Mrs.,Shanell37,Neta452,Wisozk929,,Carter549,D,white,nonhispanic,F,Bridgewater  Massachusetts  US,923 Russel Common,Acton,Massachusetts,Middlesex County,,00000,42.441575542955455,-71.4675790722219,381785.36,857130.40,164281
75d83f19-f625-2b0f-faee-413c9521acd2,1925-02-03,,999-17-2627,S99920420,X68254503X,Mrs.,Robbie31,,Ratke343,,Cartwright189,M,black,nonhispanic,F,Chelmsford  Massachusetts  US,499 Hyatt Trailer Suite 34,Boston,Massachusetts,Suffolk County,25025,02110,42.30269602601502,-71.18157864536497,72426.65,2120223.56,8915
